<?xml version="1.0" encoding="UTF-8"?>
<project-private xmlns="http://www.netbeans.org/ns/project-private/1">
    <editor-bookmarks xmlns="http://www.netbeans.org/ns/editor-bookmarks/1"/>
    <editor-bookmarks xmlns="http://www.netbeans.org/ns/editor-bookmarks/2" lastBookmarkId="0"/>
    <open-files xmlns="http://www.netbeans.org/ns/projectui-open-files/2">
        <group>
            <file>file:/G:/2nd%20year/JAVA/PROJECT/JavaApplication8/src/javaapplication8/SQL.java</file>
            <file>file:/G:/2nd%20year/JAVA/PROJECT/JavaApplication8/src/javaapplication8/MYSQLConnect.java</file>
        </group>
    </open-files>
</project-private>
